seed,load_path,sparse_observation_relative_l2,rollout_displacement_relative_l2,material_parameter_relative_l2,material_parameter_mae,material_parameter_coverage_95,material_parameter_ece,material_parameter_nll,material_parameter_posterior_std,calibrated_material_parameter_coverage_95,calibrated_material_parameter_ece,calibrated_material_parameter_nll,calibrated_material_parameter_spread_scale,calibrated_material_parameter_posterior_std,history_relative_l2,history_final_relative_l2,history_coverage_95,history_ece,history_nll,history_posterior_std,calibrated_history_coverage_95,calibrated_history_ece,calibrated_history_nll,calibrated_history_spread_scale,calibrated_history_posterior_std,field_coverage_95,field_ece,field_nll,field_crps,field_sharpness,field_interval_width_95,calibrated_field_coverage_95,calibrated_field_ece,calibrated_field_nll,calibrated_field_crps,calibrated_field_sharpness,calibrated_field_interval_width_95,calibrated_field_spread_scale,posterior_calibration_num_calibration,posterior_calibration_num_test,inversion_final_loss
20260517,cyclic,1.122138977,0.9240460396,0.2318950891,4.0200243,0.02083333395,0.7718750238,4312.394531,0.1043324098,1,0.2020833492,1.496968627,274.6557922,41.69284058,0.8326097131,2.3688097,0.058300782,0.7302001715,543861.5,0.0007170466706,0.8312500119,0.1165038943,3492.930908,10000,6.336884975,0.001627604244,0.7863199711,86758.76562,0.02605560049,1.778480146e-05,5.090433842e-05,0.8798828125,0.1080403477,4.972685814,0.07840424031,0.2059698105,0.5554438829,10000,4,4,955.9705811
20260518,cyclic,7.800602436,2.879847288,0.07974132895,1.439694762,0,0.7874999642,21542.23242,0.007865811698,0.9166666865,0.1166666597,0.5714070201,276.0124207,2.030258179,0.6397488117,1.443487883,0.100195311,0.6881713867,125576.9375,0.0006805223529,0.8734375238,0.1169921756,55.1714592,10000,6.539214611,0,0.7874999642,842756.875,0.09304010123,7.043840924e-06,2.088433939e-05,0.5716146231,0.3505696654,2.746690512,0.07290647924,0.06524133682,0.2024217695,10000,4,4,22472.8457
20260519,cyclic,0.9021515846,0.9300190806,0.2501924634,3.967346668,0.0625,0.7562500238,42233.65625,0.01809595525,1,0.1812500209,2.306483269,1069.796631,20.6679306,0.8728888035,3.091172934,0.07153320312,0.7197143435,142702.75,0.005935292225,0.8331055045,0.06667478383,857.0756226,10000,100.7635727,0.000325520843,0.7872558832,87884.125,0.02543857694,6.949291674e-06,2.046193549e-05,0.8681640625,0.0898925662,-1.448533297,0.03108706139,0.08562766761,0.2484666556,10000,4,4,699.795166
20260520,cyclic,0.8942379951,0.9115142822,0.1674695015,2.783412695,0.1041666716,0.6937500238,8118.413574,0.6793686748,1,0.212500006,2.86934948,541.0552368,680.1715088,0.6681782007,1.851083517,0.107421875,0.6831909418,286606.25,0.005043354817,0.900488317,0.1083495915,31.34668541,10000,90.85314178,0.0183919277,0.7714680433,83283.57812,0.02505233511,0.0001608362509,0.0003766156733,0.9339193106,0.1005045623,-0.1882889718,1.351606846,3.132536411,7.279490471,10000,4,4,415.4307861
20260521,cyclic,2.25220418,1.226091266,0.3803962171,7.426063538,0.02083333395,0.7666666508,43241.375,0.01537346374,1,0.181250006,1.289474487,744.3272095,13.24424934,1.069287896,4.947659969,0.015478516,0.7730346322,2871605.25,0.0006546803634,0.8981445432,0.1176269352,341.8558655,10000,3.289278746,0.0001627604215,0.7873372436,148072.3438,0.04175713658,3.212495722e-05,9.227162082e-05,0.976236999,0.1447916925,-0.5057426691,0.08836376667,0.3146452308,0.9293704033,8325.753906,4,4,1432.163208
20260517,monotonic,1.062452912,0.8009229302,0.3286637962,6.081337929,0,0.7874999642,7392.251465,0.06757368147,0.9166666865,0.07499998808,0.6621332169,179.4709778,6.081656933,0.7403437495,0.6466408372,0.0400390625,0.7490844727,1161572.25,0.001351995743,0.916113317,0.1114257872,21679.6543,10000,21.98290825,0.001627604244,0.7863199711,22713.57422,0.01461128518,2.687201413e-05,7.803001063e-05,1,0.212500006,-0.6407832503,0.07921725512,0.2859277129,0.8239097595,8116.030273,4,4,612.0385132
20260518,monotonic,5.650537014,4.739514351,0.1126994267,2.175410271,0,0.7874999642,10887.71387,0.01654497907,1,0.1604166776,0.6140281558,291.0475159,6.862962246,0.7609327435,0.7400057316,0.008447266184,0.7800658941,101381.6641,0.0006545302458,0.814453125,0.1194824129,4336.062988,10000,6.758555889,0,0.7874999642,831116.5,0.08909593523,8.389764844e-06,2.480196054e-05,0.7307943106,0.1654296517,-0.7686011791,0.06161253899,0.09176145494,0.2637016475,10000,4,4,19883.95312
20260519,monotonic,0.8130787611,0.8352941871,0.3339835405,6.22241354,0.0625,0.7354166508,38723.44922,0.02423056215,1,0.2020833492,2.519307613,1104.320435,29.3674984,0.6062188745,0.2550775409,0.05971679837,0.7292846441,233294.2812,0.01529900264,0.9530273676,0.1527099758,592.5932007,10000,299.2945251,0.001139322994,0.7865641117,21859.90234,0.01315846108,4.034255471e-05,0.0001176980149,0.9671224356,0.1467448175,-1.893169761,0.02316806838,0.06714236736,0.1976733655,1322.22168,4,4,896.2983398
20260520,monotonic,0.8307799697,0.8256109357,0.3211351633,5.721834183,0.04166666791,0.7510416508,2818540,0.01893718168,1,0.212500006,4.512645245,10000,148.9847565,1.002011538,0.9356006384,0.02304687537,0.767126441,3144478.25,0.00196159631,0.7585937381,0.1482909918,39510.23047,10000,6.431181431,0.001627604244,0.7860758305,25211.96484,0.01321822405,1.591938963e-05,4.605237336e-05,0.993815124,0.1878418177,-1.367708445,0.04536105692,0.1624754369,0.4790138006,8258.84668,4,4,798.1549683
20260521,monotonic,2.090951681,1.73064363,0.3971502781,7.696112633,0,0.7874999642,32739.34375,0.02020917833,1,0.1500000209,1.240695,735.4828491,12.4519558,0.4996529818,0.1960139871,0.02041015588,0.7682372928,139768.1094,0.0005084117292,0.8553711176,0.1163329929,196.8057098,4616.084961,2.573945761,0,0.7874999642,100998.8672,0.0352386497,4.127091961e-05,0.0001264548628,0.822265625,0.08909504116,-1.607257247,0.02660308592,0.06838087738,0.2039252967,1873.716309,4,4,3373.35791
20260517,nonproportional,0.8760723472,0.8365400434,0.3306109607,6.024875164,0,0.7874999642,5994.688477,0.1016569734,1,0.212500006,1.644839048,379.6598206,63.31972504,0.8466197252,1.864390612,0.05544354767,0.7334173918,531546.9375,0.005539857782,0.8004032373,0.1298639178,3751.204834,10000,5.839136124,0.003255208489,0.7848551273,98101.48438,0.03002052568,3.385529999e-05,0.0001012878711,0.744140625,0.1377604008,3.10719943,0.0264429301,0.0480677709,0.1392255127,2290.234619,4,4,622.0302124
20260518,nonproportional,6.4691782,2.165068388,0.1321504265,2.216295242,0,0.7874999642,25517.98438,0.09848333895,1,0.1916666776,1.655000448,728.0096436,138.1210022,0.5725721121,1.017688751,0.08235886693,0.7057333589,244940.6719,0.000896233716,0.8225806355,0.1173890978,313.605896,10000,12.30600071,0.000325520843,0.7872152328,665710.125,0.07801347226,1.430488101e-05,4.144051491e-05,0.765299499,0.1218912601,-0.4807831645,0.09091808647,0.2100055069,0.6058353186,10000,4,4,21955.81641
20260519,nonproportional,0.7766375542,0.9094165564,0.2951317728,5.279087067,0.02083333395,0.7666666508,27147.13867,0.01794643328,1,0.1916666776,1.699797511,655.5097046,15.73290062,0.913850069,2.610867023,0.02177419327,0.7683467865,1337121.375,0.006182351615,0.8468750119,0.08881047368,6494.71582,10000,43.91081619,0.001790364622,0.7859944701,114550.1172,0.03133159876,3.819060657e-05,0.0001075566397,1,0.2107910216,0.05250733346,0.1761001945,0.5548853874,1.573596954,10000,4,4,655.7592163
20260520,nonproportional,0.8000106812,0.8815470338,0.2968232334,5.019963741,0.1041666716,0.7041666508,29617.10938,0.01618320867,1,0.1708333492,1.958530903,745.2678833,8.574669838,0.7010397315,0.9307624102,0.1077620983,0.6836063266,213029.4375,0.004818418529,0.7872983813,0.0934727937,2649.449219,10000,32.28469086,0.0009765625,0.7866455317,110051.8359,0.03074888512,1.853020876e-05,5.446887735e-05,0.8037109375,0.09324543178,-1.591025591,0.02486544475,0.04433874413,0.1359538436,8427.080078,4,4,1596.439453
20260521,nonproportional,1.486302972,1.340348244,0.3595536351,6.675702572,0,0.7874999642,41338.38281,0.01612615399,1,0.1708333492,1.253677249,674.8262939,11.28068924,0.9262138605,2.777452469,0.01013104804,0.7780871987,3447549.75,0.0008597393753,0.8345766068,0.116406247,3903.983887,10000,8.816337585,0.0008138021221,0.7868082523,244329.8438,0.05273973569,3.313604248e-05,0.0001006663515,0.9651693106,0.1523600668,-0.3837028444,0.09406928718,0.3465129137,1.063380837,10000,4,4,6576.391602
20260517,pre_stress,9.516334534,0.9378358722,0.3071785867,5.16089201,0.04166666791,0.7562500238,5802.711914,0.05800844729,0.9583333731,0.1187500358,0.7743805647,206.3633118,18.39221001,0.8131933212,0.6994303465,0.05176411197,0.7381930351,1136173.25,0.00157997827,0.8367943168,0.1149445623,1718.519897,10000,3.501909733,0.001790364622,0.7863199711,17134.98242,0.01447801851,2.014360871e-05,6.126712833e-05,0.8795573115,0.1100748628,0.1143420637,0.01657638513,0.04800447822,0.1474743187,3084.702881,4,4,502.0244446
20260518,pre_stress,52.58717346,6.76380682,0.1495561898,2.541030645,0,0.7874999642,52216.0625,0.007297805976,0.875,0.1166666597,1.03083086,479.2668762,3.252656698,0.8224473,0.7559998631,0.02872983739,0.7596900463,116491.2344,0.0006187148392,0.8271169066,0.125025183,2898.391602,10000,5.791057587,0,0.7874999642,891699.1875,0.09309200943,7.817427104e-06,2.236427645e-05,0.622721374,0.2442057133,-1.190891981,0.06097414345,0.08358826488,0.2328631878,10000,4,4,22724.86133
20260519,pre_stress,3.113676548,0.8943402171,0.3162449598,5.090445518,0.1041666716,0.6885416508,21351.39062,0.03509768471,0.9583333731,0.139583379,1.467713356,308.2308655,16.03526115,0.7427128553,0.6211881042,0.06129032001,0.7271547318,653625.875,0.001005138969,0.875302434,0.1224294305,1394.972534,10000,13.06552315,0.0006510416861,0.7870117426,15581.6875,0.01199819893,1.630057523e-05,4.774502304e-05,0.991861999,0.1705078483,-1.330526829,0.04466500133,0.1519728452,0.443279624,7884.743652,4,4,337.0499573
20260520,pre_stress,5.493108749,0.8593093157,0.307826072,5.282006264,0,0.7874999642,39274.55469,0.05454499647,0.75,0.2041666508,10.22849274,84.31208801,0.8530163765,0.9116268158,0.8188695312,0.0371975787,0.7519782782,1936448.125,0.0007673788932,0.7845765948,0.1343497932,20062.36719,10000,4.25319767,0.001302083372,0.7863606811,14384.30078,0.01189001091,8.153341696e-06,2.414107985e-05,0.935221374,0.1368001401,-1.512981176,0.03469221666,0.1250433624,0.3724703193,10000,4,4,351.4299927
20260521,pre_stress,1.958259583,2.020354986,0.3220833242,5.52357769,0,0.7874999642,20358.57617,0.01829437912,1,0.181250006,1.288522124,632.7247314,11.65313148,0.5546220541,0.2394691706,0.04017136991,0.7486265302,231873.8281,0.0006776475348,0.9520161152,0.1438004076,63.11035538,6647.069336,5.208091259,0.000325520843,0.7872152328,70266.53125,0.03038270399,3.909118095e-05,0.0001111923993,0.9342448115,0.08870443702,-1.988636374,0.02237297595,0.06034761667,0.1687558144,1531.120361,4,4,2850.073486
20260517,random_amplitude,18.75370598,0.8098669648,0.3128005862,5.919686794,0.02083333395,0.7718750238,9933.871094,0.09504892677,1,0.212500006,1.461538672,326.4460144,52.53794098,0.8231975436,0.6489705443,0.04275793582,0.7462053299,232731.0469,0.00165254937,0.8187500238,0.1119295508,1580.445312,10000,11.37199402,0.00048828125,0.787011683,64664.25,0.02530151606,2.649384987e-05,7.577588258e-05,0.7288411856,0.147200495,5.022271633,0.02503411472,0.05289398879,0.1513734013,2740.162598,4,4,1889.540039
20260518,random_amplitude,109.0121231,2.710548639,0.09317518026,1.683693647,0.02083333395,0.7822916508,6459.166992,0.1452455968,0.9166666865,0.07291667163,0.4012420177,162.0367126,39.34207153,0.7267345786,0.7186143398,0.06850198656,0.7198784351,168535.375,0.001018484589,0.8279762268,0.09729661047,2959.176758,10000,14.10793018,0,0.7874999642,724923.125,0.0826112628,1.957136919e-05,5.371859879e-05,0.8017578125,0.09568682313,-0.500970006,0.1067266688,0.2790744305,0.7447655201,10000,4,4,21132.03125
20260519,random_amplitude,3.817082405,0.9414088726,0.2507123947,4.473433971,0.0625,0.7302082777,19180.46484,0.579857111,0.8333333731,0.1062499881,1.696759224,165.3156586,5.324055672,0.8540300727,0.6630386114,0.06671626866,0.721626997,253799.0938,0.004770101048,0.7923611403,0.1323660612,4594.333984,10000,10.69647026,0.01236979198,0.775333643,79235,0.02774069831,0.0001705597824,0.0003595162998,0.8772786856,0.1144693941,-0.7153511047,0.03602355719,0.1027137265,0.3039088845,10000,4,4,231.3063049
20260520,random_amplitude,5.711045265,0.881078124,0.2332375348,3.656843185,0.02083333395,0.7718750238,12484.61133,0.04419317469,0.8333333731,0.06874997914,1.483377814,132.0427704,2.167072058,0.7810224295,0.7732393146,0.07921627164,0.7115079165,347988.875,0.001295295195,0.8375992179,0.09903271496,3542.459229,10000,16.78772736,0.0008138021221,0.7868896723,76708.44531,0.02654536627,9.700503142e-06,2.93772955e-05,0.8138021231,0.106998682,-0.3649260998,0.0530468449,0.1661328375,0.5049702525,10000,4,4,439.3875732
20260521,random_amplitude,2.930473089,1.455107093,0.3894356489,7.69174099,0.02083333395,0.7718750238,22847.66211,0.0197150819,0.9583333731,0.0979167074,0.8287944794,353.6810913,6.596819878,0.9072687626,0.2418848127,0.01393849216,0.7752108574,2007714.125,0.00127974723,0.8936508298,0.1012152582,1368.136963,10000,14.9400301,0.0001627604215,0.7873779535,184578.3438,0.05078517646,4.470158456e-05,0.0001291692606,0.951171875,0.1243652552,-0.5236008167,0.08388762176,0.3045876324,0.9469916224,7065.026367,4,4,2966.561523
20260517,unload_reload,3.146986961,0.8057892323,0.3064873517,5.581525326,0,0.7874999642,5602.104492,0.07268273085,0.9583333731,0.1187500358,0.7622976303,189.123764,8.834041595,0.8137944937,0.6564152241,0.05551758036,0.7336304188,445251.2188,0.0007580197416,0.8561523557,0.1124023497,3593.877686,10000,9.717232704,0.00146484375,0.7862792611,40048.59766,0.01977449656,2.346819929e-05,6.977860176e-05,0.9869791865,0.1871093959,-0.648370266,0.0768494159,0.2891961336,0.8845534325,9668.405273,4,4,655.260437
20260518,unload_reload,5.314743996,3.51756382,0.1017033458,1.999984741,0,0.7874999642,247881.3438,0.0243765004,1,0.212500006,2.793548584,2909.199219,83.62325287,0.6544023752,0.7478156686,0.07949218899,0.7089477181,114102.3281,0.0006337112864,0.8022460938,0.1281249821,1734.786011,10000,6.479255676,0,0.7874999642,786001.1875,0.08608306944,8.17219734e-06,2.33740775e-05,0.69921875,0.1917968541,-0.8121666312,0.06398906559,0.08524229378,0.2470605373,10000,4,4,21220.14258
20260519,unload_reload,2.839539289,0.8787936568,0.3485639095,6.589241028,0.02083333395,0.7666666508,18889.3125,0.5514974594,1,0.1500000209,2.007392406,478.2995605,14.36847973,0.977004528,0.5161012411,0.07866211236,0.7117919922,523999.9062,0.007058698218,0.824316442,0.1091064215,6911.718262,10000,41.29571533,0.02099609375,0.7668700814,46712.89844,0.0197147727,0.0001719416759,0.000383957231,0.658203125,0.1792643219,29.23176575,0.02336685732,0.0325493291,0.09292244166,947.4005737,4,4,547.4124756
20260520,unload_reload,3278022912,0.8611944318,0.2458172292,3.988571882,0,0.7874999642,15003.94824,0.05491710454,1,0.2020833492,2.230924129,846.7613525,67.86332703,0.7553371787,0.7749980688,0.08920898288,0.7005615234,600704.3125,0.001537104719,0.8055664301,0.11870116,1108.096191,10000,9.270846367,0.00146484375,0.7863606811,47105.28906,0.01964700222,1.186429108e-05,3.386722165e-05,0.734049499,0.1386555731,-1.30336833,0.02066880837,0.03067441843,0.09224881977,9412.579102,4,4,344.739502
20260521,unload_reload,7313772032,1.539854884,0.3961726427,7.663392544,0,0.7874999642,33778.15234,0.01934498549,1,0.1604166776,1.212531567,587.5858765,12.41580486,0.9055583477,0.2032034248,0.008154297248,0.7801758051,3264971.75,0.0004294080718,0.8388671875,0.1097167879,1920.233398,10000,5.511020184,0.00048828125,0.7870930433,141267.3438,0.04211008549,3.847875632e-05,0.0001147440344,0.9088541865,0.09843748808,-0.8243798018,0.04807811975,0.1333229989,0.3915042877,3197.556641,4,4,1273.74231
