Evidence tier,Protocol,Train paths,Eval path,Path OOD,Sparse config,Sensors,Observed steps,Seeds,Epochs,Train samples,Eval samples,Posterior chains,Inversion steps,Calibration mode,Source summary,Target,Metric,Direction,Raw mean,Calibrated mean,Gain,Gain %,Raw,Calibrated,Improved
expedited_5seed_2sample_current_main; full_9condition_formal_running,expedited_reversal_curriculum_2sample,"monotonic,unload_reload,cyclic",cyclic,no,s6_t3,6,3,5,50,32,2,4,30,split_conformal,<project-root>\10_results\reports\j2_sparse_dt_assimilation_5seed_calibrated_2sample_summary.json,material_parameter,coverage_95,higher,0.0833333,1,0.916667,1100,"0.08333 +/- 0.059; med 0.08333, IQR 0","1 +/- 0; med 1, IQR 0",yes
expedited_5seed_2sample_current_main; full_9condition_formal_running,expedited_reversal_curriculum_2sample,"monotonic,unload_reload,cyclic",cyclic,no,s6_t3,6,3,5,50,32,2,4,30,split_conformal,<project-root>\10_results\reports\j2_sparse_dt_assimilation_5seed_calibrated_2sample_summary.json,material_parameter,ece,lower,0.708333,0.0733333,0.635,89.6471,"0.7083 +/- 0.06; med 0.7042, IQR 0.021","0.07333 +/- 0.0091; med 0.07917, IQR 0.0083",yes
expedited_5seed_2sample_current_main; full_9condition_formal_running,expedited_reversal_curriculum_2sample,"monotonic,unload_reload,cyclic",cyclic,no,s6_t3,6,3,5,50,32,2,4,30,split_conformal,<project-root>\10_results\reports\j2_sparse_dt_assimilation_5seed_calibrated_2sample_summary.json,history,coverage_95,higher,0.0692188,0.965078,0.895859,1294.24,"0.06922 +/- 0.049; med 0.06406, IQR 0.084","0.9651 +/- 0.022; med 0.95, IQR 0.025",yes
expedited_5seed_2sample_current_main; full_9condition_formal_running,expedited_reversal_curriculum_2sample,"monotonic,unload_reload,cyclic",cyclic,no,s6_t3,6,3,5,50,32,2,4,30,split_conformal,<project-root>\10_results\reports\j2_sparse_dt_assimilation_5seed_calibrated_2sample_summary.json,history,ece,lower,0.718643,0.136416,0.582227,81.0175,"0.7186 +/- 0.05; med 0.7237, IQR 0.085","0.1364 +/- 0.011; med 0.1332, IQR 0.016",yes
expedited_5seed_2sample_current_main; full_9condition_formal_running,expedited_reversal_curriculum_2sample,"monotonic,unload_reload,cyclic",cyclic,no,s6_t3,6,3,5,50,32,2,4,30,split_conformal,<project-root>\10_results\reports\j2_sparse_dt_assimilation_5seed_calibrated_2sample_summary.json,field,coverage_95,higher,0.00221354,0.950521,0.948307,42841.2,"0.002214 +/- 0.0029; med 0.001302, IQR 0.0013","0.9505 +/- 0; med 0.9505, IQR 0",yes
expedited_5seed_2sample_current_main; full_9condition_formal_running,expedited_reversal_curriculum_2sample,"monotonic,unload_reload,cyclic",cyclic,no,s6_t3,6,3,5,50,32,2,4,30,split_conformal,<project-root>\10_results\reports\j2_sparse_dt_assimilation_5seed_calibrated_2sample_summary.json,field,ece,lower,0.785807,0.126009,0.659798,83.9644,"0.7858 +/- 0.002; med 0.7862, IQR 0.00065","0.126 +/- 0.013; med 0.1214, IQR 0.019",yes
expedited_5seed_2sample_current_main; full_9condition_formal_running,expedited_reversal_curriculum_2sample,"monotonic,unload_reload,cyclic",cyclic,no,s6_t3,6,3,5,50,32,2,4,30,split_conformal,<project-root>\10_results\reports\j2_sparse_dt_assimilation_5seed_calibrated_2sample_summary.json,field,crps,lower,0.0170222,0.0273691,-0.0103469,-60.7848,"0.01702 +/- 0.0017; med 0.01614, IQR 0.0019","0.02737 +/- 0.0055; med 0.02526, IQR 0.0068",no
expedited_5seed_2sample_current_main; full_9condition_formal_running,expedited_reversal_curriculum_2sample,"monotonic,unload_reload,cyclic",nonproportional,yes,s6_t3,6,3,5,50,32,2,4,30,split_conformal,<project-root>\10_results\reports\j2_sparse_dt_assimilation_5seed_calibrated_2sample_summary.json,material_parameter,coverage_95,higher,0.0833333,1,0.916667,1100,"0.08333 +/- 0.059; med 0.08333, IQR 0","1 +/- 0; med 1, IQR 0",yes
expedited_5seed_2sample_current_main; full_9condition_formal_running,expedited_reversal_curriculum_2sample,"monotonic,unload_reload,cyclic",nonproportional,yes,s6_t3,6,3,5,50,32,2,4,30,split_conformal,<project-root>\10_results\reports\j2_sparse_dt_assimilation_5seed_calibrated_2sample_summary.json,material_parameter,ece,lower,0.729167,0.124167,0.605,82.9714,"0.7292 +/- 0.056; med 0.725, IQR 0.042","0.1242 +/- 0.043; med 0.1125, IQR 0.0083",yes
expedited_5seed_2sample_current_main; full_9condition_formal_running,expedited_reversal_curriculum_2sample,"monotonic,unload_reload,cyclic",nonproportional,yes,s6_t3,6,3,5,50,32,2,4,30,split_conformal,<project-root>\10_results\reports\j2_sparse_dt_assimilation_5seed_calibrated_2sample_summary.json,history,coverage_95,higher,0.0571484,0.970117,0.912969,1597.54,"0.05715 +/- 0.037; med 0.05645, IQR 0.046","0.9701 +/- 0.027; med 0.9506, IQR 0.05",yes
expedited_5seed_2sample_current_main; full_9condition_formal_running,expedited_reversal_curriculum_2sample,"monotonic,unload_reload,cyclic",nonproportional,yes,s6_t3,6,3,5,50,32,2,4,30,split_conformal,<project-root>\10_results\reports\j2_sparse_dt_assimilation_5seed_calibrated_2sample_summary.json,history,ece,lower,0.730811,0.131816,0.598994,81.963,"0.7308 +/- 0.038; med 0.7314, IQR 0.048","0.1318 +/- 0.0081; med 0.135, IQR 0.00044",yes
expedited_5seed_2sample_current_main; full_9condition_formal_running,expedited_reversal_curriculum_2sample,"monotonic,unload_reload,cyclic",nonproportional,yes,s6_t3,6,3,5,50,32,2,4,30,split_conformal,<project-root>\10_results\reports\j2_sparse_dt_assimilation_5seed_calibrated_2sample_summary.json,field,coverage_95,higher,0.00299479,0.950521,0.947526,31639.1,"0.002995 +/- 0.0016; med 0.003906, IQR 0.0026","0.9505 +/- 0; med 0.9505, IQR 0",yes
expedited_5seed_2sample_current_main; full_9condition_formal_running,expedited_reversal_curriculum_2sample,"monotonic,unload_reload,cyclic",nonproportional,yes,s6_t3,6,3,5,50,32,2,4,30,split_conformal,<project-root>\10_results\reports\j2_sparse_dt_assimilation_5seed_calibrated_2sample_summary.json,field,ece,lower,0.784993,0.111458,0.673535,85.8014,"0.785 +/- 0.0012; med 0.7846, IQR 0.002","0.1115 +/- 0.019; med 0.1233, IQR 0.033",yes
expedited_5seed_2sample_current_main; full_9condition_formal_running,expedited_reversal_curriculum_2sample,"monotonic,unload_reload,cyclic",nonproportional,yes,s6_t3,6,3,5,50,32,2,4,30,split_conformal,<project-root>\10_results\reports\j2_sparse_dt_assimilation_5seed_calibrated_2sample_summary.json,field,crps,lower,0.0268365,0.0427213,-0.0158848,-59.1911,"0.02684 +/- 0.0047; med 0.0268, IQR 0.0047","0.04272 +/- 0.0028; med 0.0442, IQR 0.0033",no
expedited_5seed_2sample_current_main; full_9condition_formal_running,expedited_reversal_curriculum_2sample,"monotonic,unload_reload,cyclic",pre_stress,yes,s6_t3,6,3,5,50,32,2,4,30,split_conformal,<project-root>\10_results\reports\j2_sparse_dt_assimilation_5seed_calibrated_2sample_summary.json,material_parameter,coverage_95,higher,0.05,1,0.95,1900,"0.05 +/- 0.075; med 0, IQR 0.083","1 +/- 0; med 1, IQR 0",yes
expedited_5seed_2sample_current_main; full_9condition_formal_running,expedited_reversal_curriculum_2sample,"monotonic,unload_reload,cyclic",pre_stress,yes,s6_t3,6,3,5,50,32,2,4,30,split_conformal,<project-root>\10_results\reports\j2_sparse_dt_assimilation_5seed_calibrated_2sample_summary.json,material_parameter,ece,lower,0.741667,0.0916667,0.65,87.6404,"0.7417 +/- 0.067; med 0.7875, IQR 0.083","0.09167 +/- 0.024; med 0.1, IQR 0.021",yes
expedited_5seed_2sample_current_main; full_9condition_formal_running,expedited_reversal_curriculum_2sample,"monotonic,unload_reload,cyclic",pre_stress,yes,s6_t3,6,3,5,50,32,2,4,30,split_conformal,<project-root>\10_results\reports\j2_sparse_dt_assimilation_5seed_calibrated_2sample_summary.json,history,coverage_95,higher,0.0390079,0.97,0.930992,2386.67,"0.03901 +/- 0.027; med 0.02897, IQR 0.047","0.97 +/- 0.027; med 0.95, IQR 0.05",yes
expedited_5seed_2sample_current_main; full_9condition_formal_running,expedited_reversal_curriculum_2sample,"monotonic,unload_reload,cyclic",pre_stress,yes,s6_t3,6,3,5,50,32,2,4,30,split_conformal,<project-root>\10_results\reports\j2_sparse_dt_assimilation_5seed_calibrated_2sample_summary.json,history,ece,lower,0.749077,0.134038,0.61504,82.1063,"0.7491 +/- 0.027; med 0.7595, IQR 0.048","0.134 +/- 0.0077; med 0.1289, IQR 0.01",yes
expedited_5seed_2sample_current_main; full_9condition_formal_running,expedited_reversal_curriculum_2sample,"monotonic,unload_reload,cyclic",pre_stress,yes,s6_t3,6,3,5,50,32,2,4,30,split_conformal,<project-root>\10_results\reports\j2_sparse_dt_assimilation_5seed_calibrated_2sample_summary.json,field,coverage_95,higher,0.00221354,0.950521,0.948307,42841.2,"0.002214 +/- 0.0019; med 0.001953, IQR 0.0013","0.9505 +/- 0; med 0.9505, IQR 0",yes
expedited_5seed_2sample_current_main; full_9condition_formal_running,expedited_reversal_curriculum_2sample,"monotonic,unload_reload,cyclic",pre_stress,yes,s6_t3,6,3,5,50,32,2,4,30,split_conformal,<project-root>\10_results\reports\j2_sparse_dt_assimilation_5seed_calibrated_2sample_summary.json,field,ece,lower,0.785677,0.122363,0.663314,84.4257,"0.7857 +/- 0.0017; med 0.7857, IQR 0.00081","0.1224 +/- 0.025; med 0.1287, IQR 0.015",yes
expedited_5seed_2sample_current_main; full_9condition_formal_running,expedited_reversal_curriculum_2sample,"monotonic,unload_reload,cyclic",pre_stress,yes,s6_t3,6,3,5,50,32,2,4,30,split_conformal,<project-root>\10_results\reports\j2_sparse_dt_assimilation_5seed_calibrated_2sample_summary.json,field,crps,lower,0.0196653,0.0403788,-0.0207135,-105.33,"0.01967 +/- 0.0014; med 0.01903, IQR 0.0023","0.04038 +/- 0.019; med 0.03393, IQR 0.022",no
expedited_5seed_2sample_current_main; full_9condition_formal_running,expedited_reversal_curriculum_2sample,"monotonic,unload_reload,cyclic",random_amplitude,yes,s6_t3,6,3,5,50,32,2,4,30,split_conformal,<project-root>\10_results\reports\j2_sparse_dt_assimilation_5seed_calibrated_2sample_summary.json,material_parameter,coverage_95,higher,0.0833333,1,0.916667,1100,"0.08333 +/- 0.1; med 0.08333, IQR 0.083","1 +/- 0; med 1, IQR 0",yes
expedited_5seed_2sample_current_main; full_9condition_formal_running,expedited_reversal_curriculum_2sample,"monotonic,unload_reload,cyclic",random_amplitude,yes,s6_t3,6,3,5,50,32,2,4,30,split_conformal,<project-root>\10_results\reports\j2_sparse_dt_assimilation_5seed_calibrated_2sample_summary.json,material_parameter,ece,lower,0.708333,0.0775,0.630833,89.0588,"0.7083 +/- 0.1; med 0.725, IQR 0.083","0.0775 +/- 0.022; med 0.07917, IQR 0.021",yes
expedited_5seed_2sample_current_main; full_9condition_formal_running,expedited_reversal_curriculum_2sample,"monotonic,unload_reload,cyclic",random_amplitude,yes,s6_t3,6,3,5,50,32,2,4,30,split_conformal,<project-root>\10_results\reports\j2_sparse_dt_assimilation_5seed_calibrated_2sample_summary.json,history,coverage_95,higher,0.0545564,0.97,0.915444,1677.97,"0.05456 +/- 0.039; med 0.05101, IQR 0.074","0.97 +/- 0.027; med 0.95, IQR 0.05",yes
expedited_5seed_2sample_current_main; full_9condition_formal_running,expedited_reversal_curriculum_2sample,"monotonic,unload_reload,cyclic",random_amplitude,yes,s6_t3,6,3,5,50,32,2,4,30,split_conformal,<project-root>\10_results\reports\j2_sparse_dt_assimilation_5seed_calibrated_2sample_summary.json,history,ece,lower,0.733367,0.131815,0.601552,82.0261,"0.7334 +/- 0.039; med 0.737, IQR 0.075","0.1318 +/- 0.0034; med 0.1306, IQR 0.0064",yes
expedited_5seed_2sample_current_main; full_9condition_formal_running,expedited_reversal_curriculum_2sample,"monotonic,unload_reload,cyclic",random_amplitude,yes,s6_t3,6,3,5,50,32,2,4,30,split_conformal,<project-root>\10_results\reports\j2_sparse_dt_assimilation_5seed_calibrated_2sample_summary.json,field,coverage_95,higher,0.00221354,0.950521,0.948307,42841.2,"0.002214 +/- 0.0039; med 0.000651, IQR 0.0013","0.9505 +/- 0; med 0.9505, IQR 0",yes
expedited_5seed_2sample_current_main; full_9condition_formal_running,expedited_reversal_curriculum_2sample,"monotonic,unload_reload,cyclic",random_amplitude,yes,s6_t3,6,3,5,50,32,2,4,30,split_conformal,<project-root>\10_results\reports\j2_sparse_dt_assimilation_5seed_calibrated_2sample_summary.json,field,ece,lower,0.785514,0.103613,0.681901,86.8095,"0.7855 +/- 0.0035; med 0.7868, IQR 0.0011","0.1036 +/- 0.033; med 0.1192, IQR 0.043",yes
expedited_5seed_2sample_current_main; full_9condition_formal_running,expedited_reversal_curriculum_2sample,"monotonic,unload_reload,cyclic",random_amplitude,yes,s6_t3,6,3,5,50,32,2,4,30,split_conformal,<project-root>\10_results\reports\j2_sparse_dt_assimilation_5seed_calibrated_2sample_summary.json,field,crps,lower,0.0257806,0.0384369,-0.0126564,-49.0927,"0.02578 +/- 0.0024; med 0.02521, IQR 0.0012","0.03844 +/- 0.0087; med 0.03905, IQR 0.0097",no
