load_path,metric,mean,std,median,iqr,min,max,n
cyclic,sparse_observation_relative_l2,3.195587158203125,0.0,3.195587158203125,0.0,3.195587158203125,3.195587158203125,1
cyclic,rollout_displacement_relative_l2,4.985951900482178,0.0,4.985951900482178,0.0,4.985951900482178,4.985951900482178,1
cyclic,material_parameter_relative_l2,0.12621167302131653,0.0,0.12621167302131653,0.0,0.12621167302131653,0.12621167302131653,1
cyclic,material_parameter_mae,2.35903000831604,0.0,2.35903000831604,0.0,2.35903000831604,2.35903000831604,1
cyclic,material_parameter_coverage_95,0.0,0.0,0.0,0.0,0.0,0.0,1
cyclic,material_parameter_ece,0.7874999642372131,0.0,0.7874999642372131,0.0,0.7874999642372131,0.7874999642372131,1
cyclic,material_parameter_nll,1379033.375,0.0,1379033.375,0.0,1379033.375,1379033.375,1
cyclic,material_parameter_posterior_std,0.013523929752409458,0.0,0.013523929752409458,0.0,0.013523929752409458,0.013523929752409458,1
cyclic,calibrated_material_parameter_coverage_95,0.8333333134651184,0.0,0.8333333134651184,0.0,0.8333333134651184,0.8333333134651184,1
cyclic,calibrated_material_parameter_ece,0.13749998807907104,0.0,0.13749998807907104,0.0,0.13749998807907104,0.13749998807907104,1
cyclic,calibrated_material_parameter_nll,2.1144399642944336,0.0,2.1144399642944336,0.0,2.1144399642944336,2.1144399642944336,1
cyclic,calibrated_material_parameter_spread_scale,2781.714111328125,0.0,2781.714111328125,0.0,2781.714111328125,2781.714111328125,1
cyclic,calibrated_material_parameter_posterior_std,28.27962303161621,0.0,28.27962303161621,0.0,28.27962303161621,28.27962303161621,1
cyclic,history_relative_l2,0.6840903759002686,0.0,0.6840903759002686,0.0,0.6840903759002686,0.6840903759002686,1
cyclic,history_final_relative_l2,1.6984096765518188,0.0,1.6984096765518188,0.0,1.6984096765518188,1.6984096765518188,1
cyclic,history_coverage_95,0.08437500149011612,0.0,0.08437500149011612,0.0,0.08437500149011612,0.08437500149011612,1
cyclic,history_ece,0.703125,0.0,0.703125,0.0,0.703125,0.703125,1
cyclic,history_nll,3426460.0,0.0,3426460.0,0.0,3426460.0,3426460.0,1
cyclic,history_posterior_std,4.868786709266715e-05,0.0,4.868786709266715e-05,0.0,4.868786709266715e-05,4.868786709266715e-05,1
cyclic,calibrated_history_coverage_95,0.7749999761581421,0.0,0.7749999761581421,0.0,0.7749999761581421,0.7749999761581421,1
cyclic,calibrated_history_ece,0.13906250894069672,0.0,0.13906250894069672,0.0,0.13906250894069672,0.13906250894069672,1
cyclic,calibrated_history_nll,3439623.25,0.0,3439623.25,0.0,3439623.25,3439623.25,1
cyclic,calibrated_history_spread_scale,10000.0,0.0,10000.0,0.0,10000.0,10000.0,1
cyclic,calibrated_history_posterior_std,0.5973052978515625,0.0,0.5973052978515625,0.0,0.5973052978515625,0.5973052978515625,1
cyclic,field_coverage_95,0.0,0.0,0.0,0.0,0.0,0.0,1
cyclic,field_ece,0.7874999642372131,0.0,0.7874999642372131,0.0,0.7874999642372131,0.7874999642372131,1
cyclic,field_nll,1010162.75,0.0,1010162.75,0.0,1010162.75,1010162.75,1
cyclic,field_crps,0.17814260721206665,0.0,0.17814260721206665,0.0,0.17814260721206665,0.17814260721206665,1
cyclic,field_sharpness,0.00012571238039527088,0.0,0.00012571238039527088,0.0,0.00012571238039527088,0.00012571238039527088,1
cyclic,field_interval_width_95,0.00023885371047072113,0.0,0.00023885371047072113,0.0,0.00023885371047072113,0.00023885371047072113,1
cyclic,calibrated_field_coverage_95,0.875,0.0,0.875,0.0,0.875,0.875,1
cyclic,calibrated_field_ece,0.13402776420116425,0.0,0.13402776420116425,0.0,0.13402776420116425,0.13402776420116425,1
cyclic,calibrated_field_nll,0.8734123706817627,0.0,0.8734123706817627,0.0,0.8734123706817627,0.8734123706817627,1
cyclic,calibrated_field_crps,0.4409487545490265,0.0,0.4409487545490265,0.0,0.4409487545490265,0.4409487545490265,1
cyclic,calibrated_field_sharpness,0.8591579794883728,0.0,0.8591579794883728,0.0,0.8591579794883728,0.8591579794883728,1
cyclic,calibrated_field_interval_width_95,1.6324002742767334,0.0,1.6324002742767334,0.0,1.6324002742767334,1.6324002742767334,1
cyclic,calibrated_field_spread_scale,10000.0,0.0,10000.0,0.0,10000.0,10000.0,1
cyclic,posterior_calibration_num_calibration,1.0,0.0,1.0,0.0,1.0,1.0,1
cyclic,posterior_calibration_num_test,1.0,0.0,1.0,0.0,1.0,1.0,1
cyclic,inversion_final_loss,52306.18359375,0.0,52306.18359375,0.0,52306.18359375,52306.18359375,1
nonproportional,sparse_observation_relative_l2,85.5584716796875,0.0,85.5584716796875,0.0,85.5584716796875,85.5584716796875,1
nonproportional,rollout_displacement_relative_l2,6.228545665740967,0.0,6.228545665740967,0.0,6.228545665740967,6.228545665740967,1
nonproportional,material_parameter_relative_l2,0.06593331694602966,0.0,0.06593331694602966,0.0,0.06593331694602966,0.06593331694602966,1
nonproportional,material_parameter_mae,1.2668792009353638,0.0,1.2668792009353638,0.0,1.2668792009353638,1.2668792009353638,1
nonproportional,material_parameter_coverage_95,0.0,0.0,0.0,0.0,0.0,0.0,1
nonproportional,material_parameter_ece,0.7874999642372131,0.0,0.7874999642372131,0.0,0.7874999642372131,0.7874999642372131,1
nonproportional,material_parameter_nll,6502.611328125,0.0,6502.611328125,0.0,6502.611328125,6502.611328125,1
nonproportional,material_parameter_posterior_std,0.00829621683806181,0.0,0.00829621683806181,0.0,0.00829621683806181,0.00829621683806181,1
nonproportional,calibrated_material_parameter_coverage_95,1.0,0.0,1.0,0.0,1.0,1.0,1
nonproportional,calibrated_material_parameter_ece,0.17083333432674408,0.0,0.17083333432674408,0.0,0.17083333432674408,0.17083333432674408,1
nonproportional,calibrated_material_parameter_nll,0.3774496614933014,0.0,0.3774496614933014,0.0,0.3774496614933014,0.3774496614933014,1
nonproportional,calibrated_material_parameter_spread_scale,263.48291015625,0.0,263.48291015625,0.0,263.48291015625,263.48291015625,1
nonproportional,calibrated_material_parameter_posterior_std,2.456278085708618,0.0,2.456278085708618,0.0,2.456278085708618,2.456278085708618,1
nonproportional,history_relative_l2,1.0125560760498047,0.0,1.0125560760498047,0.0,1.0125560760498047,1.0125560760498047,1
nonproportional,history_final_relative_l2,8.930274963378906,0.0,8.930274963378906,0.0,8.930274963378906,8.930274963378906,1
nonproportional,history_coverage_95,0.05000000074505806,0.0,0.05000000074505806,0.0,0.05000000074505806,0.05000000074505806,1
nonproportional,history_ece,0.7374999523162842,0.0,0.7374999523162842,0.0,0.7374999523162842,0.7374999523162842,1
nonproportional,history_nll,5392283.0,0.0,5392283.0,0.0,5392283.0,5392283.0,1
nonproportional,history_posterior_std,0.0001268816995434463,0.0,0.0001268816995434463,0.0,0.0001268816995434463,0.0001268816995434463,1
nonproportional,calibrated_history_coverage_95,0.875,0.0,0.875,0.0,0.875,0.875,1
nonproportional,calibrated_history_ece,0.12656249105930328,0.0,0.12656249105930328,0.0,0.12656249105930328,0.12656249105930328,1
nonproportional,calibrated_history_nll,4696716.5,0.0,4696716.5,0.0,4696716.5,4696716.5,1
nonproportional,calibrated_history_spread_scale,10000.0,0.0,10000.0,0.0,10000.0,10000.0,1
nonproportional,calibrated_history_posterior_std,2.036475896835327,0.0,2.036475896835327,0.0,2.036475896835327,2.036475896835327,1
nonproportional,field_coverage_95,0.0,0.0,0.0,0.0,0.0,0.0,1
nonproportional,field_ece,0.7874999642372131,0.0,0.7874999642372131,0.0,0.7874999642372131,0.7874999642372131,1
nonproportional,field_nll,1624358.125,0.0,1624358.125,0.0,1624358.125,1624358.125,1
nonproportional,field_crps,0.174274742603302,0.0,0.174274742603302,0.0,0.174274742603302,0.174274742603302,1
nonproportional,field_sharpness,7.12154942448251e-05,0.0,7.12154942448251e-05,0.0,7.12154942448251e-05,7.12154942448251e-05,1
nonproportional,field_interval_width_95,0.00013530983414966613,0.0,0.00013530983414966613,0.0,0.00013530983414966613,0.00013530983414966613,1
nonproportional,calibrated_field_coverage_95,0.9027777910232544,0.0,0.9027777910232544,0.0,0.9027777910232544,0.9027777910232544,1
nonproportional,calibrated_field_ece,0.13055554032325745,0.0,0.13055554032325745,0.0,0.13055554032325745,0.13055554032325745,1
nonproportional,calibrated_field_nll,0.5734028220176697,0.0,0.5734028220176697,0.0,0.5734028220176697,0.5734028220176697,1
nonproportional,calibrated_field_crps,0.453376829624176,0.0,0.453376829624176,0.0,0.453376829624176,0.453376829624176,1
nonproportional,calibrated_field_sharpness,0.9043146967887878,0.0,0.9043146967887878,0.0,0.9043146967887878,0.9043146967887878,1
nonproportional,calibrated_field_interval_width_95,1.718198299407959,0.0,1.718198299407959,0.0,1.718198299407959,1.718198299407959,1
nonproportional,calibrated_field_spread_scale,10000.0,0.0,10000.0,0.0,10000.0,10000.0,1
nonproportional,posterior_calibration_num_calibration,1.0,0.0,1.0,0.0,1.0,1.0,1
nonproportional,posterior_calibration_num_test,1.0,0.0,1.0,0.0,1.0,1.0,1
nonproportional,inversion_final_loss,42517.23828125,0.0,42517.23828125,0.0,42517.23828125,42517.23828125,1
pre_stress,sparse_observation_relative_l2,5.6725239753723145,0.0,5.6725239753723145,0.0,5.6725239753723145,5.6725239753723145,1
pre_stress,rollout_displacement_relative_l2,10.942498207092285,0.0,10.942498207092285,0.0,10.942498207092285,10.942498207092285,1
pre_stress,material_parameter_relative_l2,0.05467333644628525,0.0,0.05467333644628525,0.0,0.05467333644628525,0.05467333644628525,1
pre_stress,material_parameter_mae,0.8462996482849121,0.0,0.8462996482849121,0.0,0.8462996482849121,0.8462996482849121,1
pre_stress,material_parameter_coverage_95,0.0833333358168602,0.0,0.0833333358168602,0.0,0.0833333358168602,0.0833333358168602,1
pre_stress,material_parameter_ece,0.7041666507720947,0.0,0.7041666507720947,0.0,0.7041666507720947,0.7041666507720947,1
pre_stress,material_parameter_nll,4344.64306640625,0.0,4344.64306640625,0.0,4344.64306640625,4344.64306640625,1
pre_stress,material_parameter_posterior_std,0.01297133881598711,0.0,0.01297133881598711,0.0,0.01297133881598711,0.01297133881598711,1
pre_stress,calibrated_material_parameter_coverage_95,0.8333333134651184,0.0,0.8333333134651184,0.0,0.8333333134651184,0.8333333134651184,1
pre_stress,calibrated_material_parameter_ece,0.07916666567325592,0.0,0.07916666567325592,0.0,0.07916666567325592,0.07916666567325592,1
pre_stress,calibrated_material_parameter_nll,-0.4385981857776642,0.0,-0.4385981857776642,0.0,-0.4385981857776642,-0.4385981857776642,1
pre_stress,calibrated_material_parameter_spread_scale,192.4857635498047,0.0,192.4857635498047,0.0,192.4857635498047,192.4857635498047,1
pre_stress,calibrated_material_parameter_posterior_std,2.4994752407073975,0.0,2.4994752407073975,0.0,2.4994752407073975,2.4994752407073975,1
pre_stress,history_relative_l2,0.9254378080368042,0.0,0.9254378080368042,0.0,0.9254378080368042,0.9254378080368042,1
pre_stress,history_final_relative_l2,0.10430217534303665,0.0,0.10430217534303665,0.0,0.10430217534303665,0.10430217534303665,1
pre_stress,history_coverage_95,0.10312499850988388,0.0,0.10312499850988388,0.0,0.10312499850988388,0.10312499850988388,1
pre_stress,history_ece,0.684374988079071,0.0,0.684374988079071,0.0,0.684374988079071,0.684374988079071,1
pre_stress,history_nll,4724477.0,0.0,4724477.0,0.0,4724477.0,4724477.0,1
pre_stress,history_posterior_std,3.8717851566616446e-05,0.0,3.8717851566616446e-05,0.0,3.8717851566616446e-05,3.8717851566616446e-05,1
pre_stress,calibrated_history_coverage_95,0.887499988079071,0.0,0.887499988079071,0.0,0.887499988079071,0.887499988079071,1
pre_stress,calibrated_history_ece,0.1093749850988388,0.0,0.1093749850988388,0.0,0.1093749850988388,0.1093749850988388,1
pre_stress,calibrated_history_nll,3439266.0,0.0,3439266.0,0.0,3439266.0,3439266.0,1
pre_stress,calibrated_history_spread_scale,10000.0,0.0,10000.0,0.0,10000.0,10000.0,1
pre_stress,calibrated_history_posterior_std,0.0931568294763565,0.0,0.0931568294763565,0.0,0.0931568294763565,0.0931568294763565,1
pre_stress,field_coverage_95,0.0,0.0,0.0,0.0,0.0,0.0,1
pre_stress,field_ece,0.7874999642372131,0.0,0.7874999642372131,0.0,0.7874999642372131,0.7874999642372131,1
pre_stress,field_nll,1001460.6875,0.0,1001460.6875,0.0,1001460.6875,1001460.6875,1
pre_stress,field_crps,0.1701788455247879,0.0,0.1701788455247879,0.0,0.1701788455247879,0.1701788455247879,1
pre_stress,field_sharpness,0.00010000130714615807,0.0,0.00010000130714615807,0.0,0.00010000130714615807,0.00010000130714615807,1
pre_stress,field_interval_width_95,0.00019000250904355198,0.0,0.00019000250904355198,0.0,0.00019000250904355198,0.00019000250904355198,1
pre_stress,calibrated_field_coverage_95,0.875,0.0,0.875,0.0,0.875,0.875,1
pre_stress,calibrated_field_ece,0.13749998807907104,0.0,0.13749998807907104,0.0,0.13749998807907104,0.13749998807907104,1
pre_stress,calibrated_field_nll,0.7427855730056763,0.0,0.7427855730056763,0.0,0.7427855730056763,0.7427855730056763,1
pre_stress,calibrated_field_crps,0.5233100652694702,0.0,0.5233100652694702,0.0,0.5233100652694702,0.5233100652694702,1
pre_stress,calibrated_field_sharpness,1.034442663192749,0.0,1.034442663192749,0.0,1.034442663192749,1.034442663192749,1
pre_stress,calibrated_field_interval_width_95,1.9654412269592285,0.0,1.9654412269592285,0.0,1.9654412269592285,1.9654412269592285,1
pre_stress,calibrated_field_spread_scale,10000.0,0.0,10000.0,0.0,10000.0,10000.0,1
pre_stress,posterior_calibration_num_calibration,1.0,0.0,1.0,0.0,1.0,1.0,1
pre_stress,posterior_calibration_num_test,1.0,0.0,1.0,0.0,1.0,1.0,1
pre_stress,inversion_final_loss,44399.88671875,0.0,44399.88671875,0.0,44399.88671875,44399.88671875,1
random_amplitude,sparse_observation_relative_l2,138.89871215820312,0.0,138.89871215820312,0.0,138.89871215820312,138.89871215820312,1
random_amplitude,rollout_displacement_relative_l2,12.73892879486084,0.0,12.73892879486084,0.0,12.73892879486084,12.73892879486084,1
random_amplitude,material_parameter_relative_l2,0.054453808814287186,0.0,0.054453808814287186,0.0,0.054453808814287186,0.054453808814287186,1
random_amplitude,material_parameter_mae,1.0687333345413208,0.0,1.0687333345413208,0.0,1.0687333345413208,1.0687333345413208,1
random_amplitude,material_parameter_coverage_95,0.0,0.0,0.0,0.0,0.0,0.0,1
random_amplitude,material_parameter_ece,0.7874999642372131,0.0,0.7874999642372131,0.0,0.7874999642372131,0.7874999642372131,1
random_amplitude,material_parameter_nll,8872.79296875,0.0,8872.79296875,0.0,8872.79296875,8872.79296875,1
random_amplitude,material_parameter_posterior_std,0.015179864130914211,0.0,0.015179864130914211,0.0,0.015179864130914211,0.015179864130914211,1
random_amplitude,calibrated_material_parameter_coverage_95,0.8333333134651184,0.0,0.8333333134651184,0.0,0.8333333134651184,0.8333333134651184,1
random_amplitude,calibrated_material_parameter_ece,0.09583333134651184,0.0,0.09583333134651184,0.0,0.09583333134651184,0.09583333134651184,1
random_amplitude,calibrated_material_parameter_nll,-0.32203754782676697,0.0,-0.32203754782676697,0.0,-0.32203754782676697,-0.32203754782676697,1
random_amplitude,calibrated_material_parameter_spread_scale,361.7729797363281,0.0,361.7729797363281,0.0,361.7729797363281,361.7729797363281,1
random_amplitude,calibrated_material_parameter_posterior_std,3.974200487136841,0.0,3.974200487136841,0.0,3.974200487136841,3.974200487136841,1
random_amplitude,history_relative_l2,0.9497486352920532,0.0,0.9497486352920532,0.0,0.9497486352920532,0.9497486352920532,1
random_amplitude,history_final_relative_l2,0.07762068510055542,0.0,0.07762068510055542,0.0,0.07762068510055542,0.07762068510055542,1
random_amplitude,history_coverage_95,0.09062500298023224,0.0,0.09062500298023224,0.0,0.09062500298023224,0.09062500298023224,1
random_amplitude,history_ece,0.6968750357627869,0.0,0.6968750357627869,0.0,0.6968750357627869,0.6968750357627869,1
random_amplitude,history_nll,4532640.5,0.0,4532640.5,0.0,4532640.5,4532640.5,1
random_amplitude,history_posterior_std,2.873280391213484e-05,0.0,2.873280391213484e-05,0.0,2.873280391213484e-05,2.873280391213484e-05,1
random_amplitude,calibrated_history_coverage_95,0.800000011920929,0.0,0.800000011920929,0.0,0.800000011920929,0.800000011920929,1
random_amplitude,calibrated_history_ece,0.13124999403953552,0.0,0.13124999403953552,0.0,0.13124999403953552,0.13124999403953552,1
random_amplitude,calibrated_history_nll,2527723.25,0.0,2527723.25,0.0,2527723.25,2527723.25,1
random_amplitude,calibrated_history_spread_scale,10000.0,0.0,10000.0,0.0,10000.0,10000.0,1
random_amplitude,calibrated_history_posterior_std,0.2063329666852951,0.0,0.2063329666852951,0.0,0.2063329666852951,0.2063329666852951,1
random_amplitude,field_coverage_95,0.0,0.0,0.0,0.0,0.0,0.0,1
random_amplitude,field_ece,0.7874999642372131,0.0,0.7874999642372131,0.0,0.7874999642372131,0.7874999642372131,1
random_amplitude,field_nll,1423703.0,0.0,1423703.0,0.0,1423703.0,1423703.0,1
random_amplitude,field_crps,0.17044013738632202,0.0,0.17044013738632202,0.0,0.17044013738632202,0.17044013738632202,1
random_amplitude,field_sharpness,7.130764424800873e-05,0.0,7.130764424800873e-05,0.0,7.130764424800873e-05,7.130764424800873e-05,1
random_amplitude,field_interval_width_95,0.0001354860869469121,0.0,0.0001354860869469121,0.0,0.0001354860869469121,0.0001354860869469121,1
random_amplitude,calibrated_field_coverage_95,0.6944444179534912,0.0,0.6944444179534912,0.0,0.6944444179534912,0.6944444179534912,1
random_amplitude,calibrated_field_ece,0.18680554628372192,0.0,0.18680554628372192,0.0,0.18680554628372192,0.18680554628372192,1
random_amplitude,calibrated_field_nll,42.76569366455078,0.0,42.76569366455078,0.0,42.76569366455078,42.76569366455078,1
random_amplitude,calibrated_field_crps,0.17212480306625366,0.0,0.17212480306625366,0.0,0.17212480306625366,0.17212480306625366,1
random_amplitude,calibrated_field_sharpness,0.27240514755249023,0.0,0.27240514755249023,0.0,0.27240514755249023,0.27240514755249023,1
random_amplitude,calibrated_field_interval_width_95,0.5175697803497314,0.0,0.5175697803497314,0.0,0.5175697803497314,0.5175697803497314,1
random_amplitude,calibrated_field_spread_scale,10000.0,0.0,10000.0,0.0,10000.0,10000.0,1
random_amplitude,posterior_calibration_num_calibration,1.0,0.0,1.0,0.0,1.0,1.0,1
random_amplitude,posterior_calibration_num_test,1.0,0.0,1.0,0.0,1.0,1.0,1
random_amplitude,inversion_final_loss,43033.51171875,0.0,43033.51171875,0.0,43033.51171875,43033.51171875,1
unload_reload,sparse_observation_relative_l2,64.89234161376953,0.0,64.89234161376953,0.0,64.89234161376953,64.89234161376953,1
unload_reload,rollout_displacement_relative_l2,6.2199835777282715,0.0,6.2199835777282715,0.0,6.2199835777282715,6.2199835777282715,1
unload_reload,material_parameter_relative_l2,0.03775559738278389,0.0,0.03775559738278389,0.0,0.03775559738278389,0.03775559738278389,1
unload_reload,material_parameter_mae,0.7169831395149231,0.0,0.7169831395149231,0.0,0.7169831395149231,0.7169831395149231,1
unload_reload,material_parameter_coverage_95,0.0,0.0,0.0,0.0,0.0,0.0,1
unload_reload,material_parameter_ece,0.7874999642372131,0.0,0.7874999642372131,0.0,0.7874999642372131,0.7874999642372131,1
unload_reload,material_parameter_nll,105276.6796875,0.0,105276.6796875,0.0,105276.6796875,105276.6796875,1
unload_reload,material_parameter_posterior_std,0.02319534309208393,0.0,0.02319534309208393,0.0,0.02319534309208393,0.02319534309208393,1
unload_reload,calibrated_material_parameter_coverage_95,0.8333333134651184,0.0,0.8333333134651184,0.0,0.8333333134651184,0.8333333134651184,1
unload_reload,calibrated_material_parameter_ece,0.09583333134651184,0.0,0.09583333134651184,0.0,0.09583333134651184,0.09583333134651184,1
unload_reload,calibrated_material_parameter_nll,2.7210562229156494,0.0,2.7210562229156494,0.0,2.7210562229156494,2.7210562229156494,1
unload_reload,calibrated_material_parameter_spread_scale,286.582763671875,0.0,286.582763671875,0.0,286.582763671875,286.582763671875,1
unload_reload,calibrated_material_parameter_posterior_std,7.336495876312256,0.0,7.336495876312256,0.0,7.336495876312256,7.336495876312256,1
unload_reload,history_relative_l2,0.6345498561859131,0.0,0.6345498561859131,0.0,0.6345498561859131,0.6345498561859131,1
unload_reload,history_final_relative_l2,0.12730152904987335,0.0,0.12730152904987335,0.0,0.12730152904987335,0.12730152904987335,1
unload_reload,history_coverage_95,0.09687499701976776,0.0,0.09687499701976776,0.0,0.09687499701976776,0.09687499701976776,1
unload_reload,history_ece,0.6906249523162842,0.0,0.6906249523162842,0.0,0.6906249523162842,0.6906249523162842,1
unload_reload,history_nll,2943287.5,0.0,2943287.5,0.0,2943287.5,2943287.5,1
unload_reload,history_posterior_std,8.370190334971994e-05,0.0,8.370190334971994e-05,0.0,8.370190334971994e-05,8.370190334971994e-05,1
unload_reload,calibrated_history_coverage_95,0.8125,0.0,0.8125,0.0,0.8125,0.8125,1
unload_reload,calibrated_history_ece,0.11562499403953552,0.0,0.11562499403953552,0.0,0.11562499403953552,0.11562499403953552,1
unload_reload,calibrated_history_nll,2501556.5,0.0,2501556.5,0.0,2501556.5,2501556.5,1
unload_reload,calibrated_history_spread_scale,10000.0,0.0,10000.0,0.0,10000.0,10000.0,1
unload_reload,calibrated_history_posterior_std,0.830177903175354,0.0,0.830177903175354,0.0,0.830177903175354,0.830177903175354,1
unload_reload,field_coverage_95,0.0,0.0,0.0,0.0,0.0,0.0,1
unload_reload,field_ece,0.7874999642372131,0.0,0.7874999642372131,0.0,0.7874999642372131,0.7874999642372131,1
unload_reload,field_nll,841998.75,0.0,841998.75,0.0,841998.75,841998.75,1
unload_reload,field_crps,0.17288337647914886,0.0,0.17288337647914886,0.0,0.17288337647914886,0.17288337647914886,1
unload_reload,field_sharpness,0.0001409694814356044,0.0,0.0001409694814356044,0.0,0.0001409694814356044,0.0001409694814356044,1
unload_reload,field_interval_width_95,0.00026784453075379133,0.0,0.00026784453075379133,0.0,0.00026784453075379133,0.00026784453075379133,1
unload_reload,calibrated_field_coverage_95,0.875,0.0,0.875,0.0,0.875,0.875,1
unload_reload,calibrated_field_ece,0.13749998807907104,0.0,0.13749998807907104,0.0,0.13749998807907104,0.13749998807907104,1
unload_reload,calibrated_field_nll,1.5729154348373413,0.0,1.5729154348373413,0.0,1.5729154348373413,1.5729154348373413,1
unload_reload,calibrated_field_crps,0.8328740000724792,0.0,0.8328740000724792,0.0,0.8328740000724792,0.8328740000724792,1
unload_reload,calibrated_field_sharpness,1.6423860788345337,0.0,1.6423860788345337,0.0,1.6423860788345337,1.6423860788345337,1
unload_reload,calibrated_field_interval_width_95,3.1205339431762695,0.0,3.1205339431762695,0.0,3.1205339431762695,3.1205339431762695,1
unload_reload,calibrated_field_spread_scale,9352.51171875,0.0,9352.51171875,0.0,9352.51171875,9352.51171875,1
unload_reload,posterior_calibration_num_calibration,1.0,0.0,1.0,0.0,1.0,1.0,1
unload_reload,posterior_calibration_num_test,1.0,0.0,1.0,0.0,1.0,1.0,1
unload_reload,inversion_final_loss,42177.9140625,0.0,42177.9140625,0.0,42177.9140625,42177.9140625,1
